question,answer
"In 2024, how many million daily trips were made in London on an average day?",26.6
By what percentage did daily trips in London increase from 2023 to 2024?,1.7000000000000002
"In 2024, how many million daily journey stages were there in London on an average day?",30.2
What was the percentage increase in daily journey stages in London between 2023 and 2024?,1.6
"In 2024, what percentage of all trips in London used active, efficient and sustainable modes?",63.4
"What was the active, efficient and sustainable mode share percentage in London in 2019?",63.6
"In 2024, what percentage of all trips in London were walking trips?",25.7
What was the cycling mode share percentage in London in 2024?,4.7
What was the cycling mode share percentage in London in 2019?,3.6
What was the cycling mode share percentage in London in 2000?,1.9
By what percentage did London’s population grow in 2024 compared with 2023?,1.0
By what percentage was London’s population larger in 2024 than in 2019?,2.2
"Approximately how many more residents were there in London in 2024 compared with 2019, in thousands?",200.0
"How many more births than deaths were there in London in 2024, in thousands?",55.0
"How many London residents moved to other parts of the UK in 2024, in thousands?",415.0
By what percentage did the number of London residents moving to other parts of the UK increase between 2014 and 2024?,28.0
By what percentage did the number of London residents moving to the North and Midlands increase since 2014?,40.0
"Between 2019 and 2014, by what percentage did the population grow in the East and South East regions?",5.0
"Between 2019 and 2014, by what percentage did London’s population grow?",2.0
"What is the Mayoral target percentage for trips in London to be made by active, efficient and sustainable modes by 2041?",80.0
What percentage of trips in London were made by public transport in 2019?,35.4
What percentage of trips in London were made by public transport in 2000?,26.6
What percentage of trips in London were made by private transport in 2019?,36.4
What percentage of trips in London were made by private transport in 2000?,47.6
What was the public transport mode share percentage in London in 2024?,33.0
What was the private transport mode share percentage in London in 2024?,36.6
"Between 2000 and 2019, by what percentage did the total number of trips made in London on an average day increase?",20.0
"Between 2015 and 2019, by what percentage did average daily trips in London increase?",0.4
By what percentage did London’s population increase between 2015 and 2019?,2.7
"In 2024, by what percentage was overall travel demand in London lower than in 2019?",2.5
"In 2024, by what percentage was the number of daily journey stages in London lower than in 2019?",5.7
"In 2024, by what percentage was National Rail and London Overground daily demand below 2019 levels?",8.3
"In 2024, by what percentage was London Underground daily demand below 2019 levels?",10.3
"In 2024, by what percentage was daily bus demand below 2019 levels?",9.0
"In 2024, by what percentage was daily bus demand lower than a decade earlier?",18.9
"In 2024, by what percentage were daily car driver trips below 2019 levels?",1.8
"In 2024, by what percentage did National Rail and London Overground demand grow compared with 2023?",7.3
"In 2024, by what percentage did London Underground demand grow compared with 2023?",2.0
"In 2024, by what percentage did daily bus demand change compared with 2023?",-0.5
"In 2024, by what percentage did daily car driver trips change compared with 2023?",1.4
"What was the London population increase rate in 2023, in percentage?",1.4
"Between 2019 and 2024, by what percentage did London’s population grow?",2.2
"By what percentage did the median age increase fastest in London between 2011 and 2024 compared with other UK regions, in percentage terms?",0.0
What is the forecast percentage growth in London’s real Gross Value Added in 2025?,1.6
What was the percentage growth in London’s real Gross Value Added in 2024?,1.1
What is the forecast percentage growth in London’s real Gross Value Added in 2026?,1.7000000000000002
What is the forecast percentage growth in London’s real Gross Value Added in 2027?,1.9
What is the Bank of England’s forecast percentage growth in UK GDP in the year to Q4 2025?,1.2
What is the Bank of England’s forecast percentage growth in UK GDP in the year to Q4 2026?,1.3
What is the Bank of England’s forecast percentage growth in UK GDP in the year to Q4 2027?,1.5
What is the Bank of England’s forecast percentage growth in UK GDP in the year to Q4 2028?,1.7000000000000002
Around how many households are surveyed each year in the London Travel Demand Survey?,8000.0
How many households were in the 2024–25 London Travel Demand Survey sample?,8210.0
"In 2024–25, what was the average number of trips per person per day for London residents?",2.0
By what percentage was the 2024–25 trip rate below the 2019–20 trip rate?,9.0
By what percentage was the 2024–25 trip rate below the 2022–23 trip rate?,3.0
"What was the highest recorded London Travel Demand Survey trip rate in 2006–07, in trips per person per day?",2.64
"Between 2022–23 and 2023–24, to what value did the average trip rate fall in trips per person per day?",1.98
By what percentage is the average trip rate in 2024–25 below the 2006–07 high point?,24.0
"By what percentage did the proportion of London residents who did not leave home on the survey day increase, comparing pre- and post-pandemic three-year periods?",3.0
What percentage of London residents did not leave home on the survey day in the pre-pandemic three-year average?,22.0
What percentage of London residents did not leave home on the survey day in the post-pandemic three-year average?,25.0
By what percentage did men’s trip rates decrease between the pre- and post-pandemic three-year averages?,6.0
By what percentage did women’s trip rates decrease between the pre- and post-pandemic three-year averages?,7.0
"In 2024–25, what was the trip rate for those aged 17 to 24, in trips per person per day?",1.6400000000000001
"In 2024–25, what was the trip rate for those aged 25 to 44, in trips per person per day?",2.22
"In 2024–25, what was the trip rate for students, in trips per person per day?",1.65
"In 2024–25, what was the trip rate for part-time workers, in trips per person per day?",2.4
"In 2024–25, what was the trip rate for people in households with income under 25,000 pounds, in trips per person per day?",1.8399999999999999
"In 2024–25, what was the trip rate for people in households with income of 100,000 pounds or more, in trips per person per day?",2.2
"Between the pre- and post-pandemic three-year periods, by what percentage did trip rates decrease for households with incomes between 25,000 and 50,000 pounds?",10.0
By what percentage did the London Overground and National Rail trip rate increase between 2023–24 and 2024–25?,12.0
By what percentage did the London Underground and DLR trip rate increase between 2023–24 and 2024–25?,6.0
"In 2024–25, by what percentage was the London Underground and DLR trip rate below its 2019–20 level?",22.0
"In 2024–25, by what percentage was the bus and tram trip rate below its 2019–20 level?",14.0
"In 2024–25, by how many percentage points did the combined public transport mode share for London residents increase compared with 2023–24?",1.0
"What was the combined public transport mode share for London residents in 2024–25, in percentage?",28.0
"What was the combined public transport mode share for London residents in 2019–20, in percentage?",29.0
"What was the combined private mode share for London residents in 2024–25, in percentage?",32.0
"What was the active travel mode share for London residents in 2024–25, in percentage?",40.0
"What was the active, efficient and sustainable mode share for London residents in 2024–25, in percentage?",68.0
"What proportion of London residents’ trips in 2024–25 were for commuting, in percentage?",17.0
"What proportion of London residents’ trips in 2024–25 were for shopping and personal business, in percentage?",21.0
"What proportion of London residents’ trips in 2024–25 were for leisure, in percentage?",32.0
By what percentage did the proportion of commuting trips decrease between 2019–20 and 2022–23?,15.0
"What proportion of London resident workers were able to work from home in 2023–24, in percentage?",47.0
"What proportion of London resident workers were able to work from home in 2024–25, in percentage?",45.0
"What proportion of workers were encouraged to work from home in 2022–23, in percentage?",36.0
"What proportion of workers were encouraged to work from home in 2024–25, in percentage?",33.0
"In 2022–23, what proportion of London resident workers worked from home three or more days per week, in percentage?",27.0
"In 2024–25, what proportion of London resident workers worked from home three or more days per week, in percentage?",22.0
"In 2024–25, what proportion of workers were not able to work from home, in percentage?",55.0
"In 2024–25, what proportion of workers either did not work from home at all or did so less than once per week, in percentage?",58.0
"In 2024–25, how many kilometres did London residents travel per person per day on average?",11.9
By what percentage was the 2024–25 distance travelled per person per day lower than in 2019–20?,9.0
"What was the average time travelled per person per day for London residents in 2024–25, in minutes?",54.8
"For England residents in 2024, how many kilometres were travelled per person per day on average?",26.8
By what percentage was the 2024 distance travelled per person per day for England residents lower than in 2019?,6.0
"What proportion of London households did not own a car in 2024–25, in percentage?",48.0
"What proportion of inner London households had no car in 2024–25, in percentage?",64.0
"What proportion of outer London households had no car in 2024–25, in percentage?",36.0
"In 2024–25, how many million walking-all-the-way trips per day were made by London residents?",6.2
"In 2024–25, what percentage of all trips made by London residents were walking-all-the-way trips?",38.0
"In 2024–25, what was the walking-all-the-way trip rate for London residents, in trips per person per day?",0.75
"What was the walking-all-the-way trip rate high point in 2022–23, in trips per person per day?",0.81
"In 2024–25, what proportion of walking-all-the-way trips were for leisure, in percentage?",38.0
"In 2024–25, what proportion of walking-all-the-way trips were for shopping and personal business, in percentage?",24.0
"In 2024–25, what proportion of walking-all-the-way trips were for commuting, in percentage?",6.0
"In 2024–25, what proportion of walking-all-the-way trips were for other work-related purposes, in percentage?",1.0
"In 2025, by what percentage did pedestrian activity in central London increase in the first two quarters compared with the same quarters of 2024?",7.0
By approximately what percentage did central London pedestrian activity in 2025 remain below 2019 levels?,10.0
"Across London as a whole, by what percentage did pedestrian flows change between 2024 and 2025?",0.8
"In 2024–25, what percentage of London residents aged 20 and over achieved 20 minutes of physical activity per day through travel?",43.3
What was the corresponding percentage of London residents achieving 20 minutes of physical activity per day in 2023–24?,39.6
What was the percentage of London residents achieving 20 minutes of physical activity per day in 2019–20?,42.4
What is the monitoring target percentage for London residents aged 20 and over to achieve 20 minutes of physical activity per day?,70.0
